{
  "token_acc":1.0,
  "token_p":1.0,
  "token_r":1.0,
  "token_f":1.0,
  "ents_p":0.4523809524,
  "ents_r":0.5135135135,
  "ents_f":0.4810126582,
  "ents_per_type":{
    "TYN":{
      "p":0.4523809524,
      "r":0.5135135135,
      "f":0.4810126582
    }
  },
  "speed":20717.3710572826
}