{
  "token_acc":1.0,
  "token_p":1.0,
  "token_r":1.0,
  "token_f":1.0,
  "ents_p":0.63125,
  "ents_r":0.4001584786,
  "ents_f":0.4898157129,
  "ents_per_type":{
    "TYN":{
      "p":0.63125,
      "r":0.4001584786,
      "f":0.4898157129
    }
  },
  "speed":25623.6761388052
}