{
  "token_acc":1.0,
  "token_p":1.0,
  "token_r":1.0,
  "token_f":1.0,
  "ents_p":0.7102854729,
  "ents_r":0.6767675074,
  "ents_f":0.6931215114,
  "ents_per_type":{
    "TYN":{
      "p":0.7102854729,
      "r":0.6767675074,
      "f":0.6931215114
    }
  },
  "speed":25250.6125827364
}