{
  "token_acc":1.0,
  "token_p":1.0,
  "token_r":1.0,
  "token_f":1.0,
  "ents_p":0.006504065,
  "ents_r":0.0005674564,
  "ents_f":0.0010438413,
  "ents_per_type":{
    "TYN":{
      "p":0.006504065,
      "r":0.0005674564,
      "f":0.0010438413
    }
  },
  "speed":47949.2699997049
}