{
  "token_acc":1.0,
  "token_p":1.0,
  "token_r":1.0,
  "token_f":1.0,
  "ents_p":0.5184936715,
  "ents_r":0.3810979619,
  "ents_f":0.4393035109,
  "ents_per_type":{
    "TYN":{
      "p":0.5184936715,
      "r":0.3810979619,
      "f":0.4393035109
    }
  },
  "speed":22771.7937921261
}