{
  "Home and Garden":{
    "p":0.1537014426,
    "r":0.3624438427,
    "pos":0.0945531225,
    "f1":0.2046328953,
    "len":4578
  },
  "Hobbies and Crafts":{
    "p":0.1301069825,
    "r":0.2609142376,
    "pos":0.0550117954,
    "f1":0.162533357,
    "len":3388
  },
  "Food and Entertaining":{
    "p":0.1091188039,
    "r":0.3668179656,
    "pos":0.0852906148,
    "f1":0.1598297666,
    "len":4506
  }
}