{
  "p":0.3228590057,
  "r":0.6024641456,
  "f1":0.3942625456
}