{
  "p":0.1540812527,
  "r":0.3856015344,
  "f1":0.2064607917
}