{
  "p":0.1311848133,
  "r":0.3364438023,
  "f1":0.1770097287,
  "pos":0.0804653358
}