{
  "p":0.2400558254,
  "r":0.5018755738,
  "f1":0.304000563
}